,t,x_0,x_1,x_2,x_des_0,x_des_1,x_des_2
0,0.0,0.0,0.0,0.0,0.0,0.0,0.0
1,0.005,-2.5878021525138877e-07,2.593255409253691e-07,-8.054362838659008e-05,0.0,0.0,0.0
2,0.01,-2.2252044641151003e-06,2.0626778832335063e-06,-0.00017936446669286645,6.8035763674161355e-09,0.0,0.0
3,0.015,-4.469915409017132e-06,3.373207313280003e-06,-0.0002442869504421465,1.0711671169230589e-07,0.0,0.0
4,0.02,-4.512519403181006e-06,2.306607671122562e-06,-0.00037047831002269565,5.335654401036076e-07,0.0,0.0
