{"ARM_LENGTH": 0.086, "DT": 0.005, "GRAVITY_ACC": [0, 0, -9.81], "GRAVITY_CONST": 9.81, "HEIGHT": 0.05, "INERTIA": [[0.00025, 0, 0], [0, 0.00025, 0], [0, 0, 0.0003738]], "M2R": [[1, 1, 1, 1], [0, 0.086, 0, -0.086], [-0.086, 0, 0.086, 0], [0.024549918166939442, -0.024549918166939442, 0.024549918166939442, -0.024549918166939442]], "MASS": 0.18, "MAX_THROTTLE": 7.0632, "MIN_THROTTLE": 0, "R_C": 0.024549918166939442}